X1,X2,X3,X4,X5
-1.529954672753669,1.0331420650751777,1.2057859906750759,0.06703046590981065,1.009152123500147
-0.3525030617001352,-1.714059828087397,1.1527299924407555,1.8651316362311712,-0.8119334215640525
0.7679412326036852,-0.04922856755675287,-0.6198637828600035,-0.6636860575766605,-0.023202010900579224
-0.3453359464212645,-1.6569730818477755,2.18260394976726,0.7993741163364957,0.47799181703699867
-1.745949630033755,1.103049313838755,0.7704778772508745,0.7540431887584755,0.3521627828209094
0.035024715861985106,-1.5934690929711586,0.8644033066306284,1.3075176092947653,-0.6394550732347912
-1.557979331944473,0.7388059969799503,0.6966703312320466,1.0009934242723375,0.06321106889083523
-0.7949657589623345,0.5611701131687998,0.6819418082419966,-0.05104421009320004,0.6160772956569781
-0.47449473434769407,-3.652276055170195,3.3398761340635996,2.6626835035564955,-0.40616484824542487
-0.5964171451489106,-1.5121480246402994,1.1095158287748,2.047713325813903,-0.8907066851878672
-2.256614779252276,0.6909826405318475,0.9426389878732278,2.032888403966048,-0.39170930761710454
0.0017368036035557307,0.3517764190935262,-2.2824191682478148,1.6755245237224914,-2.3309615168140136
-1.0162032422274476,1.2570818027348194,-1.7765822944983132,1.7018295100516034,-1.7787493492917275
-0.16247675767295974,-1.6109190814311511,1.015117756221655,1.5277570792218256,-0.6759366461837577
0.044080194870006174,0.5157431722872774,-0.9449997380598201,0.11155857455134777,-0.5271018577988875
-1.3036269496992785,1.506063227875732,-1.5275236687696458,1.6177796236606634,-1.5038724146249691
-0.6911278359802197,0.9802615255423562,-1.970629110814191,1.7073560991055396,-1.9805609393127788
-0.8674012761393362,1.5068203748303106,0.9876503976551054,-1.5135198620401809,1.9154616530823079
-0.5768810491659959,0.0993004840671392,0.8663777783198324,0.03363216552800041,0.5593593706993747
-1.7313515411009155,1.3836115839215979,3.057830175497206,-1.8217028407014677,3.3798182508398766
-1.517766458931275,1.4582601292142598,0.6699040811652004,-0.029713758683907576,0.8390082664722915
-1.8719570607127862,0.9003745911659561,0.8846385279721065,1.1402886802011485,0.14591263900635973
-0.3916356858565654,0.36935296826090847,1.7220815264397795,-1.4650466626501193,2.047169460627638
0.08446112419736898,0.017925991765222027,0.062345049532457564,-0.2285986830074931,0.1772022314129018
-3.516494427450867,1.3257281747418095,0.8518931414570435,3.410532711640512,-1.0768743216862846
-0.7341467591579043,-1.3519570340364968,1.1800564196363141,1.9975617859740693,-0.7732806830399209
-0.4555646726147782,1.6643366603549952,-0.44379955852352926,-1.0811498663432775,0.7952874294502785
-0.19057631744887618,0.5561090480572484,-2.394122171227977,1.8310627020321748,-2.4370240283073312
-1.3437463936829444,0.482226077503468,1.012229652847195,0.6864877126202579,0.37722944988123003
-1.985316085848379,0.9743065159124237,0.9652200730117043,1.1571384075549485,0.20750043257793802
-1.6115902486344915,1.445155707390638,0.4493469553810765,0.3581441334876261,0.46991607225565424
-0.33407974548069763,0.4675489480211793,-0.5024045317169196,0.4077021495677863,-0.4299882438635414
-0.778068996345574,0.46383409570600365,-0.7872031780312789,1.4445513369589422,-1.2139923872200864
-0.2966216508094434,0.19667473697079152,0.3221443636121514,-0.06570317552410176,0.2966290217683241
-0.7777522427406083,0.9121995234286586,-0.7401322386589277,0.7843210436887323,-0.6795170823104931
-0.5855852624348757,-1.2100951274934892,1.8113605294482418,0.950188570993803,0.2750076213327907
-0.3613471049747129,0.755141192830731,-2.7060845987830406,2.1465119700119573,-2.7648849606868824
-0.967379148945563,1.0082245803158616,0.11927002459490277,0.16434447853495904,0.25371619161015146
-0.31627438813341024,0.5288503274927965,0.37032552736598745,-0.5333057057624009,0.688584645732444
-0.09233344779090454,-0.7169785928967338,-0.19802988553751977,1.3296224763286406,-1.0917683206174327
-1.0008002536101237,0.9002819683599772,0.9211058044843808,-0.38942107310649066,1.0566152690852384
-0.6439138045266819,-1.9011070291897316,1.897689371587549,1.9165734907271332,-0.4178202712316001
-1.021037932567174,0.9545621988086986,0.7874173865089253,-0.3025684477779904,0.9357535838321859
-2.9212281170074506,1.6068742476613789,1.065173841464425,1.8011281149312555,0.06888739799777474
-0.6930287324555225,0.9384059087094905,1.4823181628223814,-1.501386564532143,2.069624857003338
-0.6008888528013538,0.21863917399389932,0.2984056190101826,0.44890378817154986,-0.01110642119945853
-0.6911566828928253,-2.6704494104065315,3.512089913606037,1.524536031822776,0.629801203968204
0.019300809429868098,-0.016690905880681672,0.10884884541444573,-0.11329434637091729,0.13055794272119903
-0.05433368584399327,0.43577452832125874,-2.5256162684987737,1.8868009717321779,-2.58573019992982
-0.1708971901670952,-1.2960907624579308,1.1731067758848472,0.9607019206858283,-0.1610204331646169
0.19682698097258888,0.1854545580933603,-2.3335307693286556,1.6172334678827909,-2.3747543766649057
-1.2012470424105361,0.8921048563990794,0.4157813274609533,0.44432367744111767,0.24873913260375363
-1.914444554416859,0.866209471532414,1.0339432480267012,1.1187189872358785,0.244296447637389
-0.4998244860125889,-0.6107551420809971,1.426407618568843,0.34523555025815367,0.5430579391164329
-2.5381187309732285,1.2826159993844932,0.9663944569111689,1.681918147776813,-0.012708435883047648
-0.1476277211064452,-1.814751991034513,1.8085958924288503,1.0306040448025995,0.06282097621052873
-0.04542402484997909,-0.5074785397302883,-0.021152920461864344,0.794212631989053,-0.6117061737500812
0.3363388933059778,-0.6388962379258541,0.14919216072358288,0.15793292009310866,-0.16962082938667083
-0.26350780991945083,0.46895058547867474,-1.0788401608277076,0.8304439995729003,-1.0421232878252165
-2.0850838771613556,0.7632128797919575,0.8788231438770124,1.6997927565287831,-0.2195508161465972
-2.2755755993745908,2.1629993233088234,0.6447187791343592,0.3280443453285914,0.8062790865228643
-1.9330389384328566,0.9382615065531976,0.6154635603725388,1.4480246139601636,-0.19385896330928123
-0.9684865731152601,1.7391866177364657,0.9665039277267092,-1.6387739885599912,2.0375940323660964
-0.6839090123265306,0.4007265229489896,0.40873441681235734,0.2371321687725343,0.23136694945035072
-0.8603816778423097,1.0584490511711226,-1.174872257862254,1.1371441827973547,-1.1215799847969292
-1.601129828001784,1.7366742978366947,-1.0247403287448102,1.3359931648497902,-0.9575998293295297
-0.3728108237829559,0.6749284016185022,1.4573878339902024,-1.6659555243118498,2.0778572430632076
-0.6211294450151545,0.6532248600460172,1.1987604194431065,-0.9650689638125517,1.5005707600583298
-0.9541755489489441,1.0562996200458676,-0.420591266490995,0.5868946991386801,-0.3223644350644702
-0.07989244450623553,0.5335030200162325,1.8472454483903995,-2.3438530232220325,2.6812307135957383
-1.7614479455892975,1.351777064962751,1.3803027032784692,-0.13800028777261364,1.3255930309174906
-1.9796426161697647,1.9563748911950078,0.1585235092320345,0.5639115038879883,0.3037127182540868
-1.118419294567266,1.3595930062883372,1.041820452173714,-0.9319650760739884,1.5726959486012597
-0.7998497263712187,1.1901613417449428,1.4249763742307806,-1.6091242403107815,2.1637858909857877
-1.864699367193018,1.3818762171229135,1.1808369531863616,0.18679792747770319,1.0182253873531657
-1.0505336529759977,0.970744176340783,1.031703839620995,-0.5054433385153603,1.2134755999655513
-1.820589767093557,0.6102989622060695,0.6726052160237421,1.6508405986180061,-0.36394982960799366
-1.3668306527902712,1.3676877477812204,0.13712740199899187,0.33992816961674366,0.26058472345586975
-0.8949742188228313,0.2586652849981941,0.7721056624005053,0.45025443862705217,0.30074917427966325
-2.428458632846994,1.2757652497201832,1.1589428895595852,1.3207746158194509,0.3176354461863933
-0.8159910478620296,0.253982059756213,0.41556511933877827,0.6586986596140812,-0.04860758947051962
-2.3945564565786377,1.0024814950749752,1.1212581762040477,1.6731855933251971,0.015148836139332012
-1.2062412197781711,1.3570498115071017,-0.8899022204998686,1.0513211237605629,-0.8093555202756024
-2.396918692026957,1.1732871263184184,1.2280226094681126,1.3418201303580228,0.32168063126607116
-1.1727469322347641,1.1338151495919906,0.6612759983075092,-0.16864762140431,0.8262412345161787
-0.2369162814170879,-1.3581136117922958,0.9710051362998516,1.3504712213412087,-0.5327129209524677
-1.302588913997881,1.836145496474542,0.5218258786315744,-0.7772748956110367,1.2807298944218666
-1.5356074246587381,1.2632968811438827,0.9514234650545534,0.0018247915228923883,0.947263272349609
-0.5913779466398095,0.7942914505153188,-1.197621063421789,1.0593498726583452,-1.1624861198644352
-2.041591499650831,1.8638901159197014,1.4090869108821389,-0.38697230575775965,1.627083306154342
-1.5970092455542026,1.5678889571053856,0.3652317468549193,0.24438190542050897,0.5155693293835802
-1.1864313040995738,1.1385060782033527,0.6953345097717694,-0.18384279664920755,0.8580265322021597
-1.844337721118194,1.3655877815760091,1.0850069534647153,0.26493097478825556,0.9074290339412323
-2.2403991222849085,1.190235264714032,1.2919614664675334,0.9893682779510236,0.5714895284850794
0.4847283807477149,-1.4116043939204483,1.4613747078763646,-0.2791270528434937,0.7106642477784204
-1.2675838386495168,0.8335413901414253,0.8169778631146423,0.25865867239549456,0.5962004606949302
-1.1051861598018502,2.3058097188800186,1.2780482504301713,-2.476476873237254,2.875561985631089
-1.4329906373350219,0.5742978694471796,1.1094575256647445,0.6212974501369186,0.5019331842625075
-0.5908327438762132,0.7149646351653345,-0.42269985228833384,0.4335082095428724,-0.3271674739034729
0.20306606861629006,-3.044597606114644,1.3552985679103706,2.545095178688238,-1.4377452100116312
-1.49313209442232,1.599892657228854,-0.7394654289239806,1.0681584470609626,-0.6575058829485636
-0.39363732467560564,0.8069566947108785,-2.909266547717482,2.3232337549879998,-2.982828645202818
-1.6268565556943455,1.6211206875448765,0.23658850284201782,0.3443905184913648,0.3900052509363596
-0.44298903048108523,1.0325088674489302,1.3527162439150027,-1.936957390688013,2.265247882616057
0.46030977052240074,-4.2408114714721,2.79050819282751,2.3857148090210414,-0.7548863373980745
-1.2198525147635884,1.6072102118332627,0.2129391851442647,-0.31274021473436575,0.7524190147692952
-0.535794990787603,0.7679105243253794,1.2295954814284449,-1.298077061040608,1.7444803214304911
0.2781184487658699,0.16806292482265728,1.6107041754246567,-2.233044526667364,2.367261427623163
-2.3380659241364325,1.4155194612866357,0.9627948848889263,1.1596116172449675,0.32402237358856195
0.09091833978500641,-1.6856621186639997,1.073592690576002,1.1399876903009873,-0.4339530600635529
-1.686595009920571,0.6147900425836675,0.9879995209044076,1.1160507885232944,0.14847672003163429
-0.06884873946773408,-0.47872311995439165,1.062165079154879,-0.2307706740997686,0.6809391613231952
-1.767430424626057,0.9957120536378565,1.0907803148349562,0.6348925345798466,0.5962857647176643
-1.391381953158964,0.6742463850486349,0.9807291048328088,0.5346439326293275,0.4972640796804075
-0.9690104943965204,-1.6369803999831245,2.666191847877778,1.384573892693364,0.45198835205692905
-2.3621995495488712,1.1237911854336189,1.2207436066510475,1.3570221885871048,0.2948174075933006
-0.8139873556370596,0.7464247719531845,1.0538500594141906,-0.6246890594466745,1.2360115063278942
-1.3520945868541525,0.4650333123149073,0.6531041250967726,1.0644424898785148,-0.07550762721613051
0.10352207984605279,1.661849516923815,-2.172866142923464,-0.40022004308288905,-0.702044851491342
-1.9082482522734803,1.2394059149266294,1.0819274141680708,0.5506571300019464,0.7055206516490453
-1.7186943467943099,1.8211412005320344,-0.8641005421437022,1.2698051609695502,-0.7939767570102614
-1.133089445397115,0.38457208661341047,0.6058758496819936,0.8436322286714173,0.0007178726674694211
-0.4748219274986211,-2.2584255018673156,1.7495017933425228,2.25685438442288,-0.8064323243663469
-0.3424432082186561,-2.1330432533740917,1.3907874739200188,2.197267166768026,-0.9664417381518695
0.03996842987738119,-1.724970619077972,1.3516562115595994,1.0180842354346644,-0.19671824363718257
-1.4146156892592252,0.7152633247635956,1.3724152029417054,0.14738367989563494,0.982597281485481
-1.444785646794463,1.4904030899388687,-0.25612911565104024,0.6777359050600744,-0.15271139187824234
-1.6156151254389874,1.7929144021745826,-1.4651925439424456,1.7007429763360964,-1.4346004666143228
-2.4242969183966405,1.0491275185265518,1.0420663161174426,1.7352227007147114,-0.05866310136090413
-0.17123852018091895,-0.1489209548893311,-0.5937325000997193,1.0604071260899481,-1.033824961916682
-0.9384752547619064,2.0425573884753847,1.702766611524738,-2.803616237422209,3.2646489592394126
-1.5789418723413808,1.7356414806929403,-1.2443894773851676,1.507300395271504,-1.1972074276053168
-0.8376607356955166,0.9975591609209549,0.7692700864764809,-0.6591336817447223,1.142706472605824
-1.070409490343358,1.520078879847562,1.0312610932594728,-1.2245462667454234,1.7791831678427539
-2.1100290802636215,1.253436365649421,1.331118699351439,0.641810671485763,0.8151979000281847
-1.9300162863830055,2.0585352782662074,-1.045095287722398,1.4782228733923217,-0.9659101600076984
-1.6590499241928156,1.6436005311461752,0.26873781499801286,0.3383682579569025,0.42007042145951073
-0.33126629462546836,-0.023700441650259862,0.5667139941468802,0.06452707998209661,0.31720212716561985
-0.34534771476491555,0.4436608890433633,0.2150955184454757,-0.2195503826580274,0.38458096802756137
-0.8799493047190474,1.3450702815771778,0.6157661275853004,-0.9179558202421416,1.2891920086184405
-0.5241213406905663,0.1797872277391448,-0.084100335708442,0.7326129286962587,-0.42992708094187765
-0.7425773138298779,-1.2714611652733407,2.1919919548289686,0.94344686526851,0.5048014638973262
-1.228039769051504,1.9614612901659203,0.9162742499357939,-1.4506417465893606,1.9566461101304742
-1.0769823655629183,1.3152982152398667,-1.6307535335878787,1.588208693719261,-1.6041532435927937
-1.760975423814946,0.7263747875282379,0.5020349943579363,1.5507737798216499,-0.3831266126389115
-0.9111370721991151,1.3398043171497098,0.9946681712837085,-1.2159626594076447,1.7020624284844783
0.025559140559035555,-0.5859670176778073,-0.4959037987739754,1.2295704017976998,-1.188014556908493
0.05306988049272798,-0.7583760342074763,-0.47128597888151535,1.3955696502063724,-1.3153351378296387
-0.1636143897977164,0.6192570448658808,-3.1145159773758713,2.3802559679122384,-3.197515606972143
-0.44404173503501193,-2.7035122796496207,2.981341328186959,1.6482718685706883,0.21091387457497868
-0.9772441120059646,1.1047327328532888,-0.6925486106164261,0.8175482686352585,-0.616331292267128
-2.0540774642314967,1.1736028824704297,1.3756124403842453,0.6131673057784264,0.8385405024431479
-0.975099604359725,-1.714480912574434,2.502478635840469,1.6563614873701211,0.1690109743304506
-1.7160226908265017,0.953324975689572,1.2573573509359228,0.4470807113837205,0.7998959596978664
-0.39997857406955445,2.373900664711653,-1.749480103153466,-0.9137345574978775,0.05848249195897011
-2.2981699037299026,1.136650922669103,1.0617725556447797,1.3799972560737575,0.18368920758354487
-1.6185136759750618,0.6784738615985801,0.6970483641494468,1.187310711084612,-0.060984954737122676
-0.9336048625212882,1.1512186870732535,1.027616452171926,-0.9498719881965848,1.5175976402409717
-0.21479376886929064,-0.2518915812669965,0.3050910736775091,0.4253823085279781,-0.12064319297991917
-0.3592335874142489,0.025039221579663762,0.8255220855814428,-0.19938737515303195,0.6484076239250761
-2.7570716950617746,1.440768691488532,1.1307808960713972,1.685121717903054,0.13300033799804295
-0.9200341912412312,0.751874167267121,1.242441901138479,-0.6287081917204063,1.3599726644579142
-2.0104963496813015,1.172604336523499,1.0947643807415872,0.8056532396663931,0.5476645761933933
-2.1848439508757806,0.8834907316781782,0.7922382459579154,1.7879996810618293,-0.29331282081282367
-0.5545152732007792,1.2539833284943271,1.2360431808859689,-1.9388979941593738,2.2520264600146858
0.17437804704330936,0.5132672035138806,1.4388385489397932,-2.365836366153693,2.4283045924656523
-0.9410353271498103,0.6645199537253297,0.8969471462306982,-0.14568617593773991,0.8359597053133887
-0.8161784649757458,-0.3264800843832434,0.8117863493934592,1.0802001042648626,-0.19793234094789153
-0.6222495081261986,0.9012496953761149,-1.7336043911037526,1.473099076556072,-1.7150415274057342
-1.4760923506918704,-2.7414101407211464,3.1057500012744716,3.3539437183271374,-0.709671245536775
-0.27962436323697853,0.16951764281093173,1.2054703354863903,-0.8939996194872293,1.332601838529764
-1.2782436931395134,1.4042513137256647,-0.8962220193614028,1.116138302536341,-0.838202537111141
-2.2852583867333682,2.212320714398224,0.39297953662249263,0.5153595620384621,0.550577617158895
-0.1293138028143046,-1.199011233582499,1.0393149955026075,0.8828220670124856,-0.17478273724217328
-0.7127982478326461,1.9453537234511544,1.2016360937647401,-2.583131434734303,2.7911280955290927
-1.3369761728292728,1.410120487839968,-0.3326253416790067,0.6752561463580937,-0.22175351494638046
-0.505948436605697,0.983550983736386,1.7474001032608557,-2.1354310254944684,2.618592793207098
-1.1452671809463981,1.489921322944153,-2.594642517790077,2.3785092035685884,-2.629468284007164
-0.44167134914836986,0.8641599947750498,-3.005078518365461,2.4179242019375145,-3.083314506778778
-0.0792531115494199,-1.5404640723944834,1.0137478076600759,1.28954597881974,-0.5195234978871005
-0.23875453869619342,0.4498357080813127,-1.065003557566145,0.8010786477174675,-1.0214481707910381
0.09597616733818208,-1.2331582635297158,0.8622165966345183,0.7106528817778236,-0.1969745908948608
-0.5541119159978625,0.518003496075221,1.3716951843559293,-1.0583338656316021,1.628234038238713
-0.47182212187787487,0.4277627333830333,1.4539102785879057,-1.153624371191141,1.711457202765387
0.09849516208289077,0.656815119506724,0.5779060515182473,-1.6173461474667783,1.4844244433631273
-1.917016033505955,0.9295016234874519,0.7711092495321761,1.285166357230922,-0.0025826885218341775
0.17495365916422195,-1.8305879936601275,1.314338043374176,0.9666195748089124,-0.21924194593167026
0.07883834445171278,-0.024080549284062114,-0.406162112627134,0.28228845874188346,-0.4290671398926156
-1.2399315435054203,1.6550284439625846,0.5356204006797711,-0.6494088069864987,1.166278917080453
-0.603018411492207,0.31217694406258667,0.8740971596704225,-0.22086068181245033,0.7695842713343328
-0.3188394849428943,0.7828462350697911,0.6554210254844723,-1.1473056144400382,1.2952410721206815
-2.959027381562629,1.5032390429208347,1.2988644855222906,1.786917097834988,0.19794899759679038
0.363672544278473,-1.2152167172618797,0.7467532968327459,0.335874542145578,-0.0482420239718955
-0.17054939898656649,1.6156749839557936,1.1234524504123788,-2.987562948898977,2.8866632785771063
-1.255026175563663,0.5109022323519059,0.3353211392313672,1.1357933963893867,-0.3069420083460314
-0.09854940245092093,-1.413585503106205,1.115789624544007,1.0519828126008617,-0.28231953237784524
-1.042375143529444,0.8395982529883292,0.8469394486393679,-0.16458218397500868,0.8624820398508181
-0.4785625042653792,-0.6533447509635955,0.4522087267282662,1.2895908099933118,-0.6370355876655133
-1.8912941476852774,0.896040341880537,1.166977437818192,0.9120932956829693,0.45701162591097744
-0.6466315886691225,-0.44885973820028124,1.4917484497793962,0.31325027270618455,0.6470932207687196
-1.8489378147645656,1.7159341932723264,1.124602277913704,-0.24530808382025215,1.3235725935230338
-1.264260954828152,1.4571245342157424,-1.3848783286617703,1.4822849809878242,-1.347636736911818
-0.9115408158378139,0.8639828687239609,0.6784755320741653,-0.26309760231880397,0.8189126815621868
0.278746569315765,1.1778919739718203,-1.1437005732684558,-1.0115063993222067,0.17721669731852197
-0.6953486414577815,0.7556022415868349,-0.03509694247464423,0.19015229869209582,0.07197234464498271
-0.28342996350658517,1.0381472260801938,1.6851224797733173,-2.533309105092332,2.824540078833513
-0.9543354276175634,1.2147276030190373,-1.7070252851778775,1.5878817871480209,-1.679796356082433
-0.9270230715818266,1.127628615476726,0.9839911940463429,-0.8874992743565802,1.4472274153765285
-0.8723984424042449,0.6152583686416392,1.2148440658220365,-0.49691740457845035,1.2289263828551198
-1.7190601024039773,0.753711048267313,1.0988672377873439,0.8762134077823037,0.3958848512362159
-0.25321382146717863,0.3145999842393046,1.1044875284782798,-1.0427566583722774,1.3938648261899074
-1.2584702812030657,1.452886225527044,-1.3123290186217158,1.40946668102434,-1.2603158084640953
-1.1258503390163337,-0.44930177419474715,0.5569867327629697,2.021497938587007,-0.939647604435847
-1.7550774780778802,0.7806859962087116,0.8177618217507636,1.1671936788923252,0.055277929724774875
-1.533376698195238,1.6270323444211152,-0.650806858932202,1.0160570724360576,-0.5634422958574483
-1.1298964476995577,0.17847478119021043,1.217473661055663,0.5418065180060141,0.5096613776669942
-1.295800859122338,1.4761000339833057,0.8154479241845807,-0.572992460349671,1.2517622173992757
-0.45969599525762567,0.8563009809521678,-2.6893397602936266,2.1606870350400387,-2.7350416635511556
-2.3565727035414614,1.2433368110695036,1.0522288148061896,1.3429164251645254,0.22801778571710857
-2.5001950402334696,0.8170731121242625,0.7961271670241082,2.4167247337026687,-0.6735926839399962
-1.0058889478991142,0.7365132212018709,1.0269263301154352,-0.25620669613101166,1.0023906543792422
-0.9613402891823307,1.2778021338405463,-2.3590296960251367,2.1307239630749946,-2.393051665933348
-0.6933143121525991,1.370378702945097,0.9467466664134971,-1.5864179879639577,1.894739926870748
-2.7959212992917397,1.2827717099089617,0.9505783525220417,2.139188391145602,-0.2880380287559721
-2.6747211923269463,1.0368462588792995,1.2987788753607201,1.9388466727360187,-0.016572625722982674
-1.3810918803596877,1.292246340630933,0.9423919467619974,-0.29455987454958943,1.1213040984489377
-2.287449744159854,1.2491412125141368,1.1737173865611197,1.1012747426122858,0.4471849017235736
-0.30647304979037926,0.526207810934991,-1.280583404876205,1.0166612537274493,-1.2631854794208197
-0.8348684119071448,0.5281403973354766,1.107788451826438,-0.3404524405915541,1.0463480623154369
-0.6101085828630584,-1.2619036254347815,1.0716967935779247,1.763710145657958,-0.6822525710996654
-0.40834451539723743,0.4201355264696063,0.4802752131063206,-0.3302297958544933,0.6113703647281425
-0.20794410196412874,0.4369243471275239,-0.5191600673426071,0.24907430927298224,-0.3569266013939967
-1.7077600193509581,1.2687463108703474,0.9787063060172245,0.26400928817853553,0.8140093728546798
-1.3336699958137244,0.7090638416502875,1.1746940843441318,0.20416109542831917,0.8220077695976152
-0.42463844946192336,0.4012969211923144,1.0078999378057605,-0.7759991489539362,1.201044704206953
-1.359660805864154,0.8265202973073588,1.3423492982121978,-0.07111101234493122,1.1203402580629893
-1.501345377548762,0.8092256908597595,0.5656716927339678,0.9312100692239035,0.03931015954650132
-0.02166559504562088,-0.7353048548906382,0.11894986286467246,0.9333330857124931,-0.6648657248559494
-2.6339679541220895,1.5638139942721527,0.9246919680833254,1.5001471791430059,0.1423430147841489
-0.8075041090185896,0.8981658503644004,0.6471111171521329,-0.4588712452521042,0.9217708726758964
-0.7413456112709985,0.6828285777733263,1.3511236562702444,-0.9436014516197909,1.5932059157991325
-1.8462577321394043,0.9806440649201474,1.0832877362577067,0.7979629245342691,0.4928222320333612
-0.6808045974384944,0.8302949397925282,0.920355211066696,-0.8419548553878287,1.2997284039206254
-0.44761384802216647,0.6496285892241497,-0.9918106652040456,0.8161769412138073,-0.929462345193765
-0.6975303199327513,-1.6981987784371901,2.423284987258854,1.2325712739047976,0.3688370802129496
-1.2220305819130692,1.8105240006064645,0.7925090087485284,-1.1366964955708196,1.6547709861988613
-0.5348775589359482,-1.4124074328626053,1.1873184206429679,1.7315802607723842,-0.6307119918150774
-1.0114904433477336,1.0882164587370324,0.8778422795097022,-0.587937016665768,1.1951268342171377
-0.8175242375937638,1.8137356281114259,0.464721258642236,-1.5250561531138696,1.672119818822274
-1.5314930132799007,0.7167587114800984,0.8244245607642982,0.8648133106845008,0.2176406903790114
0.07158659652503396,-1.4782991329562167,0.42345633882991796,1.5042688147277428,-1.0033418333908208
-1.3301933303316178,1.4858837606217314,-1.0153249453352668,1.2060882095598888,-0.9441603293581063
-0.43253754079717993,0.7187731633317872,-1.8720951971530406,1.5289373991551773,-1.8850944881224752
-0.49632685057286136,-0.7258903526749609,1.2604592277738207,0.6543156930767704,0.22682712683945888
-0.5391030269817323,0.8124972527033822,-1.7145015281039735,1.4340541566082727,-1.704256663920826
-1.472530606158768,0.7912511710605499,0.7866643823198093,0.6971628246182529,0.31102559987431844
-1.7868792122543886,1.4557385737616184,1.0875359421764959,0.040232185288322286,1.0638213449300584
-0.2161254248192923,-0.7412460265587312,0.643299675926581,0.778785483647937,-0.24274318761329008
-1.252249293606928,1.5347895533916418,0.7278952516334176,-0.6453645049905905,1.2538658716870175
-1.392930716150384,1.5666402452870103,-1.376713978964063,1.5451655405171119,-1.349254492516103
-2.0709520867419315,0.9106570731055565,0.5675470234500788,1.767987979719454,-0.41749725566225304
-0.4723111697825142,-0.23338927696677514,0.4395725636403973,0.7146837064107197,-0.19779705496247374
0.1192365853020381,-1.0661717012758265,0.19587282799533123,1.0725650405385447,-0.7862507361389623
-0.33339709224515246,-0.9449475727586807,1.2698619484067355,0.6662769300028324,0.1665467535542796
-0.5469952944029856,-2.9251173022728416,3.310282695580594,1.8175515425776485,0.26225244189186125
-1.3435003871706892,1.4883000877213464,-0.9327791078359529,1.1474556496495851,-0.8568982951730876
-1.9728891451587987,1.917153626476221,0.42547516306581845,0.3533639829069265,0.5853204679588266
-0.11214168594253045,-1.0059035728347254,0.4256243427244256,1.1694940729308827,-0.6797860877724278
-0.8651326803403926,0.5686469936244644,0.7969274084873791,-0.049737221713805235,0.6906023909686765
-1.3858581803203731,1.3417199547536676,0.5756036028104821,-0.006958066401050456,0.7341617019534977
-0.5994628077668342,1.3937326028337742,0.678488682468984,-1.5255495938642332,1.6948418237226044
-1.304266122682031,1.135550353189943,1.228916608837165,-0.4827517033823012,1.3705939642435292
-1.652701306984609,1.0606911367536869,0.917618183196444,0.5127776194833498,0.5744098492413734
-0.5593383276850289,0.7744823366013163,-1.2725149089701673,1.1024447528460795,-1.2405693000328593
-0.1696445129424081,-1.8815157225134755,1.1236930193621617,1.808490110944207,-0.8429265168838113
-0.9305487472446423,-3.0657336315433494,3.7583494633597265,2.244567015966374,0.26189147410814156
-1.2804442000024852,1.361120080174433,0.45596229547738587,-0.10122989424897488,0.7178855756764411
-0.011854532357557493,-2.9798931252095455,2.592166289589974,1.6540996595284314,-0.11527123689066514
-0.136413947875813,0.7093620637749369,0.8404748077060866,-1.5348368352900121,1.6180718650481567
-1.768189414873611,1.7677558117897514,0.012433956228896648,0.5980537312665626,0.1397422904858975
-1.6607718223432122,1.8729484131931935,-1.7221890239639446,1.9117906623031797,-1.6991017973009734
-0.7680086031277311,0.832249335111572,-0.1430606451960157,0.31194296742617844,-0.046711938147529296
-1.6780001211834967,0.8918350664639088,0.9874498636538667,0.7217373427963965,0.4519332543936061
-1.07905939099699,0.5758104537559585,0.7641584259288334,0.3386596171014348,0.44632841137368046
-1.3755144389706284,0.9157371274603436,1.1474937978110822,0.018202794335617112,0.9685431461972781
-2.982648031385839,1.5141110603185899,0.7673269353474015,2.3158326383225925,-0.44461502917350343
-1.5272008316550099,0.8937368564948938,1.100974255925511,0.35279625534732917,0.7388248053449731
-0.5417711528161634,-1.605885920258751,1.260232729145292,1.9398090909891756,-0.7574695242680106
-0.6623272166719483,0.3680397994813823,0.8878558347439054,-0.20872563897581276,0.7864400086894051
0.36188917371359963,-2.731252712495615,1.4930719466980604,1.7121491421769797,-0.7818480022633879
-0.6674154036497126,0.8592029659141038,0.8784177867416028,-0.864887631337344,1.2941443714478906
0.3638089794262127,-2.1530765564822225,1.0641609591842822,1.321762629745255,-0.6720213196208411
-0.46901754253353073,0.6923921932348227,1.5737819781602191,-1.6349870418204322,2.138775919026814
-0.7655166946338702,1.1985137951732174,1.690381737025616,-1.9308138296630153,2.5217752324678595
-0.3885754416060936,-2.560605830403893,2.1055001619140588,2.1863025146475032,-0.6205357886936905
-0.4273546971126818,0.29579106243774644,0.9498388150312035,-0.5716169247057816,1.0169006092375854
-0.25979634949466757,-2.3909415328398365,2.340270027132509,1.5102016161553313,-0.03275411052053453
-2.0950056404204327,1.156887926483877,1.2144654043964855,0.8589326861661798,0.5887590920140059
-1.0810385348144216,1.0683858744814991,0.4271351623516062,-0.01460192612555744,0.5699738210807707
-0.7537966240388256,1.4352218937499708,0.7595267427289643,-1.3942920352210066,1.6815572514683108
-1.8962654430223667,1.15069141591901,0.8556035257053777,0.8660925496812002,0.354292977515176
-0.6019273809741085,0.2968892044211464,0.9913741055944892,-0.3128038079857116,0.8935045007325982
-1.6004899266247516,1.5839648080757383,0.24698880955448632,0.34026020813346614,0.3889640402782497
-1.1288306342935488,1.2578390406260418,-0.9197018890842212,1.0827729725909083,-0.873459706560115
-0.7129395652077782,0.9352479238762785,0.7843288379402604,-0.8019857905426132,1.2183023446677959
0.20090897229684554,-0.6784460699666374,-0.8674043729909406,1.4072178687705257,-1.552814460001224
-0.982376325689526,0.8260696874087516,0.5314174485323038,0.049744519236054385,0.5334499289850044
-1.8627933953555451,1.0525299075330885,1.110341155285818,0.7021092292324991,0.5851399606746074
-1.454675665250514,1.807549740181765,0.6632599771100194,-0.6109099670832712,1.2665733948315934
-1.7706790513479314,0.5686896806678627,0.5069957615339686,1.7790624975207676,-0.5551214914776732
-2.6872334552650625,1.3051077971786624,1.1863408316262394,1.698754680313583,0.12374500054998384
-0.7187528363501117,-1.88432009965294,1.785075697080892,2.1286300942932863,-0.6080498638204246
-0.544185006230926,-2.855522803744254,2.917151445638706,2.0894871780427433,-0.12713445363620837
0.045725283642587954,0.21591767213859148,-1.4908413926255333,1.0368996002139446,-1.4929259504058683
-2.687882320339441,1.3276806319369863,1.2194796870283573,1.6375229459405096,0.18649677107528362
-0.23339739060373965,-0.5625564969190722,0.3850031423492841,0.8078544587099363,-0.3757732030752471
-1.3733492698031313,1.4682764164418285,1.8832044422063885,-1.4401568984600033,2.433023800564131
-1.006708625264542,2.1461808900875603,0.9505035729363542,-2.116377201685692,2.4147257355448124
-0.8073567026895931,0.9697537888539852,-0.9662517136276306,0.970278177930102,-0.9158782036616882
-0.11704841023612243,-1.5929664892166753,1.1765591642237645,1.2722906718083609,-0.42000421669547083
-1.2475024688960854,0.42297514595161134,0.8211040827962258,0.7835431487519927,0.18310493987129992
-0.5806070965684503,0.3177011363576243,1.077018419859162,-0.4590438179962467,1.0385503770209636
-0.2174402886542377,0.535199533050443,-1.968010668909587,1.5023954496615617,-1.9805248093236756
-0.09060978497559256,0.2420776829591107,-0.5379762253440645,0.3328027547656516,-0.47026535167825495
-0.08462383349188252,-2.1674155274938203,0.8702805986399378,2.2947282694935964,-1.3639147867008674
-2.2536180333103544,0.8712343571055388,1.3850007824385322,1.3616044625955228,0.3284038194025838
-1.1014064601960138,1.968507948874589,1.4571794977460886,-2.1898272668921064,2.7320242885338333
0.10640878252028757,0.15884505361222434,1.410342924032302,-1.7359529623440024,1.9487145862513195
-1.213898525169228,1.3292015900495773,0.8654849201104826,-0.5594207401676188,1.2359800255415903
-2.4753030599669166,1.1531746974553672,0.7792323148265874,1.92889407528016,-0.31029838851882424
-0.7457551266560815,-0.08277807822742711,0.8402440815414555,0.5980384262687057,0.16594117490274402
-0.9539819966847906,1.2117379173713192,1.0053869563848525,-0.9768743719148203,1.5354926137932583
0.6894005299747318,-0.2606038999219693,-2.6626820352095253,1.695359355463994,-2.7506001040138366
-0.24794001828471254,-0.2347610981579833,0.5967359326393789,0.1826307789943329,0.21064344602966562
-1.7230973047369451,1.0110085808687623,0.7145825167345308,0.8940143162252219,0.21041501143014604
-0.3750996350406007,1.760214014016422,0.9207647438373441,-2.6428397491592186,2.596678877845618
-0.2310220670840045,-0.9519358314078475,0.9235673821660682,0.8280308011801416,-0.14981811571560438
-0.5741857820123202,-3.391531518937895,1.767199918963288,3.9651716862438784,-2.0931740857834766
-0.18518307319810368,1.2874424885084905,1.3721109169724661,-2.7475816577068377,2.8169539742881593
-1.3734748314812886,0.8825100330489972,0.8397497999858227,0.351674306332711,0.5700067130585675
-1.4058333394122131,0.3123348645803872,0.918417112267002,1.1149597422437139,0.022858611233057515
-0.8445495585568312,1.1047627184243554,-1.687967806613002,1.5322559172257708,-1.6651659729767303
-0.07814632164011213,-0.4880435633050917,-0.09082698509146936,0.8896871412783827,-0.7062237513097143
-0.3492673605915808,1.4659412694683764,1.449801007572076,-2.7843825670628473,2.9361479655541736
-0.5650587428112597,0.36630125041570727,0.8927360664117915,-0.3779190175442334,0.8872395494497582
-2.1348180348102916,0.8412323608767402,1.3023654198542287,1.277092222215973,0.31666175070371877
-2.363235712275095,1.0047225048390105,1.2772135056886955,1.4686837453536106,0.2337623902674287
-1.1202256921913887,1.3448234140685609,1.380716274017968,-1.229485851947216,1.9572220311910853
-0.8465256870294061,1.152695851269114,-2.124498714714851,1.8832177429135009,-2.1339188479794853
-0.3939752836287922,0.5841798686958135,-0.9198333653876226,0.7457463848649559,-0.8604699080404801
-0.37062733129469616,-0.7496176896962181,0.11217151576019735,1.5583667382508013,-1.0356876356544316
0.654130325632623,-2.2380323243499083,1.83970357811034,0.2056652087240176,0.44660109093000794
-3.159031203266834,1.438519342415507,1.1617516916718593,2.3488311901430876,-0.23294251639415822
-2.51285047069851,2.2136867343441966,2.2081202558485074,-0.8145296571875218,2.4789525754921145
-0.840663423860991,0.7991320659387776,0.7495266947170651,-0.36306133036127197,0.9046113210508049
0.19369194633402656,0.6660701822164707,0.8985205618476936,-2.0970192210336935,1.9694899831710015
-1.1022152693991953,0.607606838616995,1.0173350810339041,0.09506335214969286,0.7575689732268851
-0.07401513707747578,0.5833921078733322,-3.5077406799664703,2.6479910605706873,-3.613088553021445
-0.6913975372269685,1.0001076247452243,-2.19036172250808,1.8886460630541124,-2.2203583843331813
-3.306282634156802,1.8856472870766692,1.289676734868257,1.86703701055634,0.24918687015942403
-0.4903610952517058,-0.7985908692732052,1.5725432963069546,0.44831712075771535,0.5254821272647926
-1.7023540330500044,1.0668232400315054,1.4001156552147123,0.13273858329706856,1.1039616670794126
-1.0658758944555207,1.3233613880420392,0.6902281345931724,-0.6395416372751441,1.1692245450122616
-0.5983276722820027,3.0244621984120554,-1.4336835763432765,-1.7648006411165311,0.9296471193592158
-0.17458710274044512,0.014157396213356765,0.9069847218249705,-0.5785301967876879,0.9173286980360273
-2.5438779496153856,2.3503946969800236,1.3485332898792142,-0.13492225937392188,1.5740409379546725
-1.540354293808556,1.1427406579744774,1.192248764203594,-0.05266074103959162,1.0996535131734064
0.010281280569236155,-0.10280809747011677,0.188800295662368,-0.055369687836702264,0.12456470184224637
-1.056520084592647,1.016895979032333,1.1329721258835528,-0.6543700257573064,1.376897640814891
-0.40614998470656005,1.0655493251518209,0.81689538052842,-1.538176096811716,1.7014594048624463
-1.0052871693709742,1.5611056753429946,0.5444569790826647,-0.9316802629848491,1.3102357928382187
-1.7254262064175094,1.905161960245231,-1.4597820084644904,1.73011292573521,-1.4177908793372502
-0.2552795802430193,-1.3829269902246943,0.7190584092233689,1.6545889632365367,-0.876391388192223
-1.262576255932637,0.69388137302173,0.5683696668347221,0.6770594424463168,0.15723917649576988
-0.10896222772198891,-2.220017944385702,1.6829788144216549,1.639165660230376,-0.48004658540877243
-1.2510327140883282,0.24728666991580928,0.725392848606958,1.121255923976915,-0.12138981349905659
-1.1762007281112337,1.163514410724605,0.44715539551908723,-0.0007236775999865941,0.6004425470711134
-1.2699388218761463,1.4343753546959073,-1.1573814969084961,1.3078349988094957,-1.1076473019583466
-0.4382801867282088,0.9730095507295551,1.3610923482542465,-1.8713431073284308,2.216401515283264
-1.182847516595726,1.1955814549852866,0.7509545257470512,-0.3209604490360978,0.9884730543900225
-1.1174384501961772,0.8856434443642363,1.481447346226845,-0.6996933904348233,1.5896598190966673
-1.9525995841373518,0.6090697030600793,0.781477554529876,1.7760309778263157,-0.3675512116337711
-0.21341868512499398,0.46505825371768195,-1.4933924863349195,1.1423272557375452,-1.4882380097963022
-0.7052908710540224,1.2696755850423358,1.0895126956469463,-1.5628831743904739,1.9447678017951207
-0.5571455430802457,-1.8503118813880444,1.3345687013097658,2.2311441780551413,-0.9453362458921254
-0.5640467235288764,-0.49850899547723904,1.0670365633919259,0.6417498370757655,0.17247224759847637
-0.06291313888028177,0.08598814119000675,-0.15091560100449763,0.13291459194518995,-0.14997306357473472
-1.3472501224132538,0.7083703685193193,0.6022932012660551,0.7704007801668129,0.12862247289066064
-0.3347060808664444,-0.8079357664968064,0.87040018962753,0.8587866597498777,-0.16253282102787775
-1.9978575573702082,1.2370731261793007,1.131317187699312,0.6609037219321047,0.6723935102914727
-1.3813207512441725,0.9427434533978094,1.1038076671430923,0.032483107172394776,0.9397399493143586
-0.7136369526893281,0.8510147486999826,-0.8620122671234711,0.8736118956812625,-0.8255436771986365
0.11403065441505586,0.34225748751412566,-2.9763254616992403,2.1528615834137,-3.0525704955050674
-0.7975559913219241,0.6234054972896513,0.9230845022441698,-0.36030585219141487,0.9659924694455647
-1.224908446913788,1.46558841345034,-1.7763789310262377,1.773819059404913,-1.7639123391922837
-0.9604722107755752,1.0041034393743309,-0.009631724850070578,0.28019360900588464,0.10326325105738766
-0.23433431701038912,-0.1276816599324524,0.5208170592175911,0.08425754355723902,0.24835058561561887
-1.087096457559765,0.7042735956898739,1.0037947452496423,-0.0506850098507281,0.8596834322148593
-0.8180997465569418,0.9070147117118559,0.4332323581034143,-0.2503126995053442,0.6669039220824685
-2.63641456581765,1.1319263766939704,1.1384119110288464,1.8944970168328492,-0.06726100306414058
-0.46060118643299536,0.871647480512143,-2.914938141127064,2.3547948544316575,-2.9872315041354884
0.2148848471704753,-1.7393349660579145,0.9440844694664723,1.123463258989038,-0.5214140241746715
-0.7513948274265653,0.6598276108015484,1.3757420771561186,-0.9181070587394935,1.5878696107346437
-0.12179889059163172,-1.6139775490238293,0.6417053674744535,1.8156970131105634,-1.0817236907795955
-0.47481688064399874,0.46375254692728707,1.3597230193432082,-1.1086774683796983,1.6351206041099855
-0.43262738087660874,0.8073183802492991,0.35622250273667366,-0.7022700803397652,0.8530505185944639
-1.2604160162769948,0.4787221482025651,0.9583172820942,0.5993083469842637,0.39251139118206296
-2.186083131849855,0.9625398863172768,0.7400315242304145,1.7311102945569474,-0.2721581893772469
-2.305562549159126,1.297840474457449,0.830401868648335,1.3906223882974498,0.07377461781399129
-1.4843773804375262,0.8919057281621061,0.7897567954930642,0.576480225553132,0.41027456689984093
-1.24148547823616,1.167883019022947,0.80144768821602,-0.23012033501181928,0.9604377265057742
-0.943125958159669,0.51474227927144,0.5337580518088703,0.40727000784851397,0.24319241025209054
-0.12403122516917435,-0.2516293275519611,0.6626987212636886,-0.06936922660887412,0.3943033827691254
-0.2955025466992653,0.37465931830810717,1.1732509246459368,-1.117674426659486,1.4974066999406588
-1.0536159496741866,0.12843575613104385,-0.09731539437164627,1.724432752524756,-1.0276806489786525
-0.12845732862388887,-0.7431491595981004,0.6967210188650305,0.5803353701436287,-0.09408835779656077
-2.205955227748551,0.9290665359644186,0.8357190279477629,1.7205406118219462,-0.21412887786284568
-0.8415833316523152,1.3121006226353469,1.596287941185814,-1.8669864945673034,2.4555613370942218
-0.28010799030685163,-0.2075198798438339,0.17898979160309514,0.5960168447798675,-0.28796264661165133
-0.5585926161433458,-2.7246880221756027,2.718771252966064,2.122560178929569,-0.23727569275197763
-0.42644295869624793,-0.05653529079555353,0.37942356167694347,0.4502769059346794,-0.03481650333891725
-3.1690299737788328,1.2520789891325024,0.6744717573155883,3.083154899813652,-1.0199234245463478
-1.729627584602317,0.9752460401034746,0.802943253735403,0.8706218344662662,0.2705957790712701
-2.349165059830922,1.0262290730622958,0.8364092535974874,1.8324029914570445,-0.2522721595222582
-0.9289704735958435,0.3492564299683779,0.455530401419977,0.6840744472835507,-0.012062755547448609
0.061435969224881655,0.22435019030896186,-1.6394463116458096,1.139070901193863,-1.6445963124358536
-0.9182745169275947,-0.36371319314021444,1.867547214673056,0.3068760657131927,0.9132776598198344
-0.5894295798872239,-1.8499422163239652,1.8086622816293936,1.83715523086149,-0.4146060232679386
-2.236656868008838,1.2473903031964422,0.9831499212256416,1.1969318365825818,0.26980104705009444
-2.0252434449217365,1.071692961809758,1.0814181562374554,0.9820443762697864,0.4094927531751501
-0.36470973434356857,1.0663472446776399,-0.9967256864143832,0.10682809247188463,-0.40818201865444603
0.22716949355432794,0.25512978918929774,-3.2747213073760384,2.3607309789979816,-3.3868792728199337
-2.2560417815019536,1.0443138195062853,1.0769235766677967,1.4200184405166243,0.145113513372918
-0.8471751750207058,1.025016027902438,-1.0408167526909053,1.033412217835251,-0.985045074139891
-3.100482403534704,1.27070973651613,1.0649913869573988,2.5701718369613467,-0.46845585887319285
-0.3460839364128494,1.3743484524635123,0.9694192705129387,-2.2093395322842424,2.2716614033478377
-2.165668821779758,1.5866743207625404,1.5744959317296008,0.0496993505487896,1.404038742708821
-0.07485735750369546,-1.4589488760195584,0.8432668174453499,1.3315893961194707,-0.6304524501892323
-0.6627117538256448,-2.728664542175502,3.0363625940856624,2.006020396684489,0.03160039144627104
-0.9465888285810654,1.674915978056292,0.9852190082596078,-1.6059074469602423,2.0130417141003267
-1.449911971525225,0.958083439811759,1.1092555395528634,0.12401392476039197,0.8942620697553675
-2.9114040123758125,1.3802810497705855,1.0571123033867111,2.1027641663231487,-0.17262180045728706
-2.5654483873463128,1.3105901782599134,0.6544252510654993,1.9858388411262156,-0.3802159560116414
-1.1091344706552015,2.0487284173403997,0.10260022311627692,-1.0040326001495439,1.2027739613418575
-1.4253547332709433,0.8189064354590613,0.9798757505166175,0.3953042255932828,0.6167423183664685
-0.7953685156657021,1.160912053268598,1.0895895965541713,-1.2591272408929715,1.739127781246231
-0.010407041557622428,0.43697639675914035,1.8459621392989805,-2.3294810618813795,2.645930797015635
-0.08064892449791523,-1.5832005903355433,1.0017200818188905,1.3619610017320651,-0.5807747271285632
-1.185859273220926,1.0034990356308144,0.8872515574350541,-0.1813239413478832,0.9422706140519836
-0.638563768310445,-2.3334391302859405,1.6082229538127237,2.774593134728308,-1.2171368791093589
-0.08047914859187642,-3.0836223596748513,2.8049181069015336,1.7127541495650798,-0.041849899490951324
-0.953538882207075,1.0578760582361335,-0.5523107063699464,0.7083578765147709,-0.47632647808958684
-0.9626513579644179,0.7657671797281889,0.6115989723591492,0.022697044074255546,0.5838935589388845
-0.07176077145289549,0.4019830755229724,-2.034106306319794,1.4976859152025788,-2.0559840432145
-1.6311675613374255,0.6867581197267885,1.3517505116689357,0.5777597754786828,0.7120190636444218
-0.2698459870994494,-0.34562501766078135,-0.09748283583716755,1.0296489179942192,-0.753092220789496
-0.5130836524236088,0.7268162858180865,0.7189502415167216,-0.7971774657488001,1.1174060213676387
0.05057428958518629,0.5551673981027261,0.9906552893469368,-1.7864523216149282,1.8179698171566234
-1.54696633919951,1.6370494994101068,-0.7722799441401439,1.1406574836525165,-0.7104102792909085
-0.9103618930707843,1.2237909783932417,0.6730827306664099,-0.7536396647522396,1.1975289877969748
-1.2719314050329493,1.0302920930550608,1.1738516861270947,-0.3417097755643439,1.2251740741732227
-0.9315262718049067,1.075638179811995,-0.8495984434460706,0.9276932985217208,-0.788172265940652
-1.2668951032103288,0.8884663626983046,1.4173914181590581,-0.38637804697015277,1.3678371891266707
-0.7089168835189256,0.9879474610634875,1.2006447147533168,-1.2753788753711048,1.7724634172949718
-0.4156777222852504,0.8471613924747555,-3.038749035327433,2.4285086647630427,-3.1155111226040675
-0.6534977381658316,1.0248018802108605,-2.706589597729372,2.2785052132602193,-2.7687481920358064
-0.5533139295051926,-2.7478819722043006,2.4735127594925395,2.3775428720589953,-0.5477476528620822
-0.9472015787334804,1.5767418217993137,1.7612999124771485,-2.20500271217294,2.828476933274232
-1.0484069843832482,1.16257503456418,-0.6260907540645544,0.7974164567200515,-0.546644031521921
-0.300743474854763,-2.8611181446980414,2.699144052643881,1.885725885452118,-0.14932773393985674
-1.3124062025075216,1.5052933997925053,-1.359930730596328,1.4752194213914327,-1.3145967079598566
-1.633079080979331,1.7790336494034407,0.6609951525777811,-0.2634212587453356,1.0558038406768335
-1.3167336073391462,0.8445384055155163,0.9038181186325821,0.24571065763835875,0.662017697278172
-1.4021917130770654,0.7403901165181829,0.5658371400452178,0.8552961722324988,0.06481462956106362
-0.7961413412271866,-1.5512350946571427,1.822709913232158,1.7688675825468585,-0.28513318634811574
-1.9482893893471243,1.4444445434170494,1.0981323517463262,0.3227478329516268,0.903605883444861
0.26344973700156643,0.04631781676500735,-1.7323583330656311,1.1245403267339193,-1.743580927183127
-0.9060874951409453,0.5638422646573507,0.8546619546854282,-0.027514200752868256,0.7131910248189423
-1.7768671460081562,0.902134017634828,0.8096240288087556,1.0456842360650858,0.15348363340932702
-3.006027522050708,1.3231876702833842,0.8334443761299849,2.55528914450601,-0.5931282670750925
-0.39986939822390016,0.17792719808057944,0.9421285622126809,-0.4497952183779341,0.9093875832360899
-1.6625747359887095,1.0907926825417353,1.507686446686868,-0.07027856118598663,1.2967727689678166
-0.6452128547578443,-2.8820424834236444,4.246827728294496,1.0402745661536235,1.3215537337681056
-0.7719995162319985,0.715777130440481,0.6993637528223702,-0.31906794087780666,0.824551812542228
-0.9038585992575789,1.9641613079152234,0.7868104987629992,-1.8882077335267335,2.1287583351907537
-0.511176649844537,0.6509680683511735,1.400548721705038,-1.3417661828610563,1.847069513380191
-0.6136475643625926,0.8177106755725613,-1.2536967654273719,1.1185410917584078,-1.2262104069919744
-0.9152458354714925,1.8029410393451295,0.7355850591308037,-1.5989792546261428,1.8846537517959638
0.0030324658465786594,0.32748606011921244,1.5914747385489485,-1.9613767528774289,2.240575817846742
-2.4889060854846714,0.9674112780490258,0.7849309206023141,2.2016982818031483,-0.5152547788332934
0.3578822472173083,-2.0401191634571614,0.7380382943533121,1.4857578361714427,-0.9443477451091914
-2.5144812732994084,1.7167435836125957,1.22088401414429,0.8047972094940313,0.7758924592047344
-1.7462736011138809,1.192145208873584,0.977494552441912,0.43635363284996553,0.6925007592624659
-1.027567207310682,1.346034894198488,0.7176024514896315,-0.7623224890112477,1.2640399957609827
-1.6375800059162564,0.7201046046878657,0.8362376508852793,1.0311321168546055,0.1295796941554672
-1.2545366724285747,2.0671519930696585,1.2560614062690938,-1.8718869554791935,2.44614797760825
-1.421541355343648,0.35023646396815034,0.6284682961831665,1.3644627576601724,-0.29635911942811555
-1.1399995339844373,0.8861427701812795,1.3029428012431148,-0.4926359106379097,1.3559394859542997
-0.42517424088443356,1.388635711289388,0.42321704418976214,-1.5760125650922268,1.5601028627916076
-0.8314637023971453,1.0517861346945343,-1.3805828915884641,1.2914258821103677,-1.343954416471261
-1.2620597393735897,0.8090523509082462,1.3766723976764141,-0.24717395997064417,1.2396233341109781
-1.2856846341591506,1.329132254966619,-0.004208489948103411,0.38736287104095446,0.13257549764610474
-2.3034770610836444,0.8029491971075134,1.0508711003012388,1.8572378826546814,-0.19052030929600153
-2.3762792780577273,0.9381223251413073,1.5106269674668753,1.361434202840094,0.4266565893514462
-0.9867462035203763,1.4541745572727818,-3.5258901169530126,3.037208325763417,-3.614614243761185
0.4486707734841152,-0.08329570175602075,-2.073374407230755,1.307325133901015,-2.1019972641592934
0.031045681254049377,-0.5979459111477283,-0.5126740028531318,1.252465826301064,-1.215226733284762
0.15751186685826526,0.39669148445579316,-3.7711002070904875,2.7560826426037033,-3.8941563461856914
-1.864453831362916,0.737135628908842,0.6586343233576868,1.5653513597715036,-0.28889883274234923
0.021843978008500513,0.3334651579196374,-2.3122054150116558,1.694335884400643,-2.365811976384394
-0.5152637243825964,1.7139873587199075,1.5022364804474186,-2.8894018118434364,3.0976671667483706
-0.9408370673888735,1.0356897303940253,-0.3712972160541689,0.5456004955454191,-0.27258322875369684
-0.08253450053129145,-0.5486247584098267,1.1481801835871959,-0.19282427734218865,0.6947919046914665
-0.6469368421821208,1.3068177632349298,1.5687600055054887,-2.167777362866523,2.6111025194922615
-1.8535734840851417,1.2632279946389637,1.227001233050164,0.2867648501966953,0.9575033502177569
-2.5392509191405406,2.452413870837115,0.39792101332903784,0.6172628827678315,0.5596333717896571
-2.5749490613696318,1.4806677303254734,1.1846532035500121,1.2667681090377187,0.420846300261028
-1.0027250001836043,1.4256487468304084,1.3512980712682878,-1.5142018400002637,2.125555008651761
-1.079307154332258,0.783371248241934,0.8061108011596781,0.01460731582966357,0.7172801104287337
-0.4139946229875406,0.2956425095611719,0.5139533119655184,-0.18162642509039328,0.512892739828896
-0.8673489389059692,1.0729746087300969,0.7074732791094014,-0.6531258896056333,1.120275841994736
-1.7125262026493486,1.047333908078699,0.8963179122881548,0.6539579089323322,0.47531269356370653
-0.541919299559023,-2.353952626790516,2.6328282182657645,1.6667004068378335,0.0728593603432698
-0.9944984909991724,1.088358145281309,0.6356416615816309,-0.3879694690567824,0.9248417211524391
-2.6233285770932895,1.5330332812396357,1.009205753953524,1.4440914971984533,0.22037243990869948
-1.205350916049966,0.20981824949430594,1.1067564265106837,0.7331535742600314,0.3365977322026035
-1.6350220045851251,0.7637471601012507,0.6663701087462415,1.127707012020847,-0.022853792685452307
-0.2396962781770761,-0.5077344326099349,1.0120863675672975,0.14970069889824167,0.4204372525862188
-2.581026304583133,1.1994490818149917,1.2725492291906946,1.5797819289542385,0.21907616544189099
-2.273705362745788,0.9292416154880435,0.6377310026034415,2.0240561861179773,-0.5163123624761522
-0.6391669922779136,-2.779062472660944,3.6311038201989723,1.4716166629982275,0.7069105521298674
-0.36656416262656577,-1.8443165587288215,1.5126507291508293,1.7271761910675811,-0.537866998713492
-0.197006640269294,0.4494248868467656,1.4621379895162754,-1.6628437223250083,2.0180009026906265
-0.3608411079835163,0.5605631982012336,0.06778900049331194,-0.2138587409493582,0.31909148111587765
-0.40937136476673847,-0.5708025497401354,0.9280917660779373,0.6069958082461471,0.08453206414586058
-0.1951490205087083,1.0634706857268617,1.5471995220550092,-2.588989004028833,2.7758309500101226
-0.07176728331173376,-0.7510934784900345,0.337264758021646,0.8342795798894732,-0.47258381222240675
-1.2942287605486649,1.5996851357324184,2.6375108781344716,-2.470461355286218,3.5469438565441194
0.6149426868035377,-1.201958777605153,0.17570039923652092,0.42709231259335634,-0.46139557484033955
-1.1731673979609232,0.6538413900151758,1.0196491562749201,0.15122922911812842,0.7389800105095821
-0.8461977705040984,1.5742056127760446,1.0332458503617363,-1.6855335346902123,2.0625595347962697
-1.2879009485364257,1.3586536994039031,-0.39609550789938586,0.7217250367716626,-0.3030905187331251
-1.376177448037034,0.5936769281030484,0.8424609739802453,0.7499994514776658,0.26240703885116107
-0.7031248623486657,1.2130809966866265,0.5762289170133061,-1.0029548944845321,1.2775674532210741
-1.2701469067285442,1.3270714776611805,0.8931908182671201,-0.486183560698386,1.2105646128974845
-1.0761493920182044,1.1146147459499012,0.8068641528368495,-0.44596274054122387,1.0746865884843777
-0.46072384388467613,1.0568915098074205,-0.8073515770812218,0.10529598452377187,-0.2892024067381028
-2.1672507529746787,1.0645379740059289,1.054135584866569,1.2614430977792708,0.22807368807375175
-1.4848940827268855,1.8072112266873597,0.8614343786930904,-0.7462184774189523,1.4712423983167275
-0.05873486710036971,-0.5877542008218921,-0.2874493316642759,1.1793343504265317,-1.0265450319607685
-0.0005880862189291907,0.3783490581739556,-2.316456494741299,1.6752881033294376,-2.3453126488881453
-2.0799226136020112,1.9956785264185815,0.7348949899974764,0.13637915101210363,0.929611174856951
-2.2265928025008375,1.0015843286475952,0.8762858981114144,1.6180654845135638,-0.10918888911841561
-0.5186816945789624,0.4917660895088528,1.0910020785167653,-0.8173784819921528,1.3025003258335937
-1.4280702950535045,1.7496422177417263,1.1286226509105617,-1.0177623767482062,1.7834198024776462
-2.3120747040086487,1.1336519743600766,0.8435563060340513,1.6145969524241868,-0.09225849253876332
-0.4341755361289099,0.6655385221958554,-1.3089445603027716,1.071562221056067,-1.275369048796542
-1.660105287304108,0.6580609439560445,0.9422333960138007,1.0545520750216315,0.1667184171898542
-2.1488874015811827,0.7749178546793172,1.213311468949756,1.4765402026287358,0.12624950379353764
-2.289909636628266,1.5982267766148923,1.4171830369767535,0.39605699443660236,1.1059955138337612
-1.1640382024732137,1.4180440482397336,-1.9607117532505107,1.9090999927935597,-1.9727157729356792
-1.4852828556104636,0.309622441130174,2.0288014813829953,0.2036841402727907,1.2582551516795424
-1.060747334522167,0.315970043381247,1.024061586744126,0.41761590630156087,0.49572922745964615
-1.6822219117839274,1.5385473537519858,1.3100651910986603,-0.4637164947215666,1.5204019019948691
-1.8436850167857846,0.9025049902263561,1.0697695175849844,0.9135465471522721,0.3959874681343581
-2.080354664835086,2.140555563360011,-0.661481674168882,1.2605234416476274,-0.5729886717333873
-1.5699439627438863,2.335341288635896,0.9995395945569008,-1.4555460656224577,2.113805387077047
-2.6072811508376708,0.9009539172995437,0.697097051429001,2.5792237994347142,-0.8082439187176648
0.024216951044388795,-1.1747035028828785,0.7157856150637435,0.892278508328143,-0.3798086034191493
-1.4724716441157606,0.9020290875641527,0.7415072016141967,0.5878413233095544,0.37568486692218855
-2.2581475689342647,1.2088494807026966,0.8468510904291198,1.4157491137430922,0.04557364892893232
-1.5457249915096969,0.9989283487283352,1.0822098445032386,0.25804602855560077,0.8103322075567968
-1.0409084130191253,1.4750302749346136,0.9010596985255304,-1.090099717478488,1.6060273701697136
-1.586533750728988,1.6196891593221139,-0.15221925635823597,0.645285013947138,-0.03266552458039901
-0.5785945316876657,0.4799643681922239,1.3824654853186702,-0.9743219605706703,1.5760517194345174
-0.7414626464412698,0.8514792704255336,-0.4129883115730537,0.49557744335716625,-0.3200161709039508
-1.8093007490209856,1.0218514455778591,0.5812910984500921,1.153310980426748,-0.022005823779764847
-1.4171318214335415,0.771813020715794,0.8523344195751787,0.5665605537315423,0.4233714478186066
-1.6166817397183315,1.2145036948645127,0.7147815073972394,0.4319904414132132,0.5337112873523543
0.3035723996718939,0.6413696669743283,1.5391438111379503,-2.858312924612337,2.8126271788826767
0.2964574584507728,-0.9551376494503463,-0.17483006927639289,0.9670438085878039,-0.9311347517126379
-1.1995061539678735,1.2466401901243116,-0.1330335068470715,0.474590665958861,-0.022449930247992727
-0.8998792290169458,0.9879707723310782,-0.3387643917335238,0.5099603251851549,-0.24410350135167613
0.02558761962291956,0.3061378697225893,-2.045485966024213,1.4728570092680089,-2.0747886377657117
-1.705686078845086,0.7370191578534203,0.8225001224252282,1.137835754052146,0.0635022688725957
-2.7468821680677835,1.789450686272442,0.7652496228660692,1.535374916781625,0.08143625112531719
-0.7174518891965354,0.9463781035262903,-1.5403858227768183,1.3916489556086982,-1.5324623778036133
-0.39019005048179156,0.7300827568742325,-2.2608722612245002,1.8088478511922572,-2.29212044628366
-0.49770260046646286,0.8536275423214731,-2.4859505060607754,2.0370122737679726,-2.5344322164847295
-0.4179514250521191,0.9548978792524973,1.020653389620418,-1.5590439841888042,1.8134124644285932
-0.48354715191041386,-1.7121966643430695,1.8751332236567795,1.4034993222338015,-0.08335381138239131
-1.3106245488394244,1.4340201999860736,-0.8430437011239631,1.0805265976254863,-0.7755984322493917
-0.47507504195558653,0.6779804543547683,1.0885842688718708,-1.145407863571246,1.5417091530080547
0.15226094639485277,-0.25184619595552904,-1.2556157907620134,1.2730418404097603,-1.6067580198536453
-0.15519920566198528,-1.511919757950556,0.35659568804845054,2.002969669839631,-1.3443774641592
-0.3501007492576255,-0.22281757701005633,0.844225718395496,0.10726433738114038,0.4152815738096108
-1.1022113795689874,1.342548327690768,-1.7598416413525837,1.7163558607352363,-1.7533630238955622
-1.3134047488647924,1.6743092098723917,1.1583150672783766,-1.1393455819808787,1.8524723601529007
-2.132901002970625,2.0629266587250417,0.35730316246163696,0.49257942589496007,0.5006011142569
-1.095686339093891,1.246720941236227,-0.9358570316722836,1.0564316022230942,-0.8714810885015151
